<?xml version="1.0" encoding="utf-8" ?>
<dwsync>
<file name="jquery-ui.min.css" server="ftp.enthalpy.mx/eventos/" local="130470827748547045" remote="130471959600000000" Dst="2" />
<file name="jquery.ui.accordion.min.css" server="ftp.enthalpy.mx/eventos/" local="130470827748787211" remote="130471959600000000" Dst="2" />
<file name="jquery.ui.autocomplete.min.css" server="ftp.enthalpy.mx/eventos/" local="130470827749077401" remote="130471959600000000" Dst="2" />
<file name="jquery.ui.button.min.css" server="ftp.enthalpy.mx/eventos/" local="130470827749507697" remote="130471959600000000" Dst="2" />
<file name="jquery.ui.core.min.css" server="ftp.enthalpy.mx/eventos/" local="130470827749607764" remote="130471959600000000" Dst="2" />
<file name="jquery.ui.datepicker.min.css" server="ftp.enthalpy.mx/eventos/" local="130470827749687810" remote="130471959600000000" Dst="2" />
<file name="jquery.ui.dialog.min.css" server="ftp.enthalpy.mx/eventos/" local="130470827749857934" remote="130471959600000000" Dst="2" />
<file name="jquery.ui.menu.min.css" server="ftp.enthalpy.mx/eventos/" local="130470827750028037" remote="130471959600000000" Dst="2" />
<file name="jquery.ui.progressbar.min.css" server="ftp.enthalpy.mx/eventos/" local="130470827750128124" remote="130471959600000000" Dst="2" />
<file name="jquery.ui.resizable.min.css" server="ftp.enthalpy.mx/eventos/" local="130470827750208184" remote="130471959600000000" Dst="2" />
<file name="jquery.ui.selectable.min.css" server="ftp.enthalpy.mx/eventos/" local="130470827750288210" remote="130471959600000000" Dst="2" />
<file name="jquery.ui.theme.min.css" server="ftp.enthalpy.mx/eventos/" local="130470827750598447" remote="130471959600000000" Dst="2" />
</dwsync>