<?xml version="1.0" encoding="utf-8" ?>
<dwsync>
<file name="alt-field.html" server="ftp.enthalpy.mx/eventos/" local="130470827671916096" remote="130471959000000000" Dst="2" />
<file name="animation.html" server="ftp.enthalpy.mx/eventos/" local="130470827672826692" remote="130471959000000000" Dst="2" />
<file name="buttonbar.html" server="ftp.enthalpy.mx/eventos/" local="130470827673066852" remote="130471959000000000" Dst="2" />
<file name="date-formats.html" server="ftp.enthalpy.mx/eventos/" local="130470827673146919" remote="130471959000000000" Dst="2" />
<file name="date-range.html" server="ftp.enthalpy.mx/eventos/" local="130470827673236948" remote="130471959000000000" Dst="2" />
<file name="default.html" server="ftp.enthalpy.mx/eventos/" local="130470827673377068" remote="130471959000000000" Dst="2" />
<file name="dropdown-month-year.html" server="ftp.enthalpy.mx/eventos/" local="130470827673467132" remote="130471959000000000" Dst="2" />
<file name="icon-trigger.html" server="ftp.enthalpy.mx/eventos/" local="130470827673557188" remote="130471959000000000" Dst="2" />
<file name="index.html" server="ftp.enthalpy.mx/eventos/" local="130470827673847378" remote="130471959000000000" Dst="2" />
<file name="inline.html" server="ftp.enthalpy.mx/eventos/" local="130470827673927404" remote="130471959000000000" Dst="2" />
<file name="jquery.ui.datepicker-ar.js" server="ftp.enthalpy.mx/eventos/" local="130470827674027498" remote="130471959000000000" Dst="2" />
<file name="jquery.ui.datepicker-fr.js" server="ftp.enthalpy.mx/eventos/" local="130470827674217628" remote="130471959000000000" Dst="2" />
<file name="jquery.ui.datepicker-he.js" server="ftp.enthalpy.mx/eventos/" local="130470827674317694" remote="130471959000000000" Dst="2" />
<file name="jquery.ui.datepicker-zh-TW.js" server="ftp.enthalpy.mx/eventos/" local="130470827674497787" remote="130471959000000000" Dst="2" />
<file name="localization.html" server="ftp.enthalpy.mx/eventos/" local="130470827674597874" remote="130471959000000000" Dst="2" />
<file name="min-max.html" server="ftp.enthalpy.mx/eventos/" local="130470827674677920" remote="130471959000000000" Dst="2" />
<file name="multiple-calendars.html" server="ftp.enthalpy.mx/eventos/" local="130470827674938080" remote="130471959000000000" Dst="2" />
<file name="other-months.html" server="ftp.enthalpy.mx/eventos/" local="130470827675258293" remote="130471959000000000" Dst="2" />
<file name="show-week.html" server="ftp.enthalpy.mx/eventos/" local="130470827675338339" remote="130471959000000000" Dst="2" />
</dwsync>