<?xml version="1.0" encoding="utf-8" ?>
<dwsync>
<file name="jquery-ui.min.css" server="ftp.enthalpy.mx/eventos/" local="130470827733076793" remote="130471959600000000" Dst="2" />
<file name="jquery.ui.accordion.min.css" server="ftp.enthalpy.mx/eventos/" local="130470827733427016" remote="130471959600000000" Dst="2" />
<file name="jquery.ui.autocomplete.min.css" server="ftp.enthalpy.mx/eventos/" local="130470827733507076" remote="130471959600000000" Dst="2" />
<file name="jquery.ui.button.min.css" server="ftp.enthalpy.mx/eventos/" local="130470827733657173" remote="130471959600000000" Dst="2" />
<file name="jquery.ui.core.min.css" server="ftp.enthalpy.mx/eventos/" local="130470827733747202" remote="130471959600000000" Dst="2" />
<file name="jquery.ui.datepicker.min.css" server="ftp.enthalpy.mx/eventos/" local="130470827733957345" remote="130471959600000000" Dst="2" />
<file name="jquery.ui.dialog.min.css" server="ftp.enthalpy.mx/eventos/" local="130470827734057412" remote="130471959600000000" Dst="2" />
<file name="jquery.ui.menu.min.css" server="ftp.enthalpy.mx/eventos/" local="130470827734137458" remote="130471959600000000" Dst="2" />
<file name="jquery.ui.progressbar.min.css" server="ftp.enthalpy.mx/eventos/" local="130470827734527721" remote="130471959600000000" Dst="2" />
<file name="jquery.ui.resizable.min.css" server="ftp.enthalpy.mx/eventos/" local="130470827734968034" remote="130471959600000000" Dst="2" />
<file name="jquery.ui.selectable.min.css" server="ftp.enthalpy.mx/eventos/" local="130470827735068115" remote="130471959600000000" Dst="2" />
<file name="jquery.ui.theme.min.css" server="ftp.enthalpy.mx/eventos/" local="130470827735158178" remote="130471959600000000" Dst="2" />
</dwsync>